genome_id,unit,assembly,annotations
1052020,1,data/raw/AspacrStandDraft_FD/Assembly/Mycocosm/Assembly/Assembled_scaffolds__masked_/Aspacri1_AssemblyScaffolds_Repeatmasked.fasta.gz,data/raw/AspacrStandDraft_FD/Annotation/Mycocosm/Annotation/Filtered_Models___best__/Genes/Aspacri1_GeneCatalog_20160412.gff3.gz
1052338,1,data/raw/AspaffStandDraft_FD/Assembly/Mycocosm/Assembly/Assembled_scaffolds__masked_/Aspaff1_AssemblyScaffolds_Repeatmasked.fasta.gz,data/raw/AspaffStandDraft_FD/Annotation/Mycocosm/Annotation/Filtered_Models___best__/Genes/Aspaff1_GeneCatalog_20181129.gff3.gz
1052434,1,data/raw/AspalaStandDraft_FD/Assembly/Mycocosm/Assembly/Assembled_scaffolds__masked_/Aspala1_AssemblyScaffolds_Repeatmasked.fasta.gz,data/raw/AspalaStandDraft_FD/Annotation/Mycocosm/Annotation/Filtered_Models___best__/Genes/Aspala1_GeneCatalog_20160910.gff3.gz
1052224,1,data/raw/AspalbStandDraft_FD/Assembly/Mycocosm/Assembly/Assembled_scaffolds__masked_/Aspalbe1_AssemblyScaffolds_Repeatmasked.fasta.gz,data/raw/AspalbStandDraft_FD/Annotation/Mycocosm/Annotation/Filtered_Models___best__/Genes/Aspalbe1_GeneCatalog_20160720.gff3.gz
1051954,1,data/raw/AspallStandDraft_FD/Assembly/Mycocosm/Assembly/Assembled_scaffolds__masked_/Aspall1_AssemblyScaffolds_Repeatmasked.fasta.gz,data/raw/AspallStandDraft_FD/Annotation/Mycocosm/Annotation/Filtered_Models___best__/Genes/Aspall1_GeneCatalog_20160910.gff3.gz
1051918,1,data/raw/AspallStandDraft_2_FD/Assembly/Mycocosm/Assembly/Assembled_scaffolds__masked_/Aspalli1_AssemblyScaffolds_Repeatmasked.fasta.gz,data/raw/AspallStandDraft_2_FD/Annotation/Mycocosm/Annotation/Filtered_Models___best__/Genes/Aspalli1_GeneCatalog_20161018.gff3.gz
1052440,1,data/raw/AspambStandDraft_FD/Assembly/Mycocosm/Assembly/Assembled_scaffolds__masked_/Aspamb1_AssemblyScaffolds_Repeatmasked.fasta.gz,data/raw/AspambStandDraft_FD/Annotation/Mycocosm/Annotation/Filtered_Models___best__/Genes/Aspamb1_GeneCatalog_20160910.gff3.gz
1051912,1,data/raw/AspamoStandDraft_FD/Assembly/Mycocosm/Assembly/Assembled_scaffolds__masked_/Aspamoe1_AssemblyScaffolds_Repeatmasked.fasta.gz,data/raw/AspamoStandDraft_FD/Annotation/Mycocosm/Annotation/Filtered_Models___best__/Genes/Aspamoe1_GeneCatalog_20160413.gff3.gz
1052014,1,data/raw/AspamyStandDraft_FD/Assembly/Mycocosm/Assembly/Assembled_scaffolds__masked_/Aspamy1_AssemblyScaffolds_Repeatmasked.fasta.gz,data/raw/AspamyStandDraft_FD/Annotation/Mycocosm/Annotation/Filtered_Models___best__/Genes/Aspamy1_GeneCatalog_20160516.gff3.gz
1188061,1,data/raw/AspangMinimDraft_FD/Assembly/Mycocosm/Assembly/Assembled_scaffolds__masked_/Aspang1_AssemblyScaffolds_Repeatmasked.fasta.gz,data/raw/AspangMinimDraft_FD/Annotation/Mycocosm/Annotation/Filtered_Models___best__/Genes/Aspang1_GeneCatalog_20210202.gff3.gz
1187929,1,data/raw/AspappMinimDraft_FD/Assembly/Mycocosm/Assembly/Assembled_scaffolds__masked_/Aspapp1_AssemblyScaffolds_Repeatmasked.fasta.gz,data/raw/AspappMinimDraft_FD/Annotation/Mycocosm/Annotation/Filtered_Models___best__/Genes/Aspapp1_GeneCatalog_20210409.gff3.gz
1052230,1,data/raw/AsparaStandDraft_FD/Assembly/Mycocosm/Assembly/Assembled_scaffolds__masked_/Aspara19utr_AssemblyScaffolds_Repeatmasked.fasta.gz,data/raw/AsparaStandDraft_FD/Annotation/Mycocosm/Annotation/Filtered_Models___best__/Genes/Aspara19utr_GeneCatalog_20160816.gff3.gz
1097610,1,data/raw/AsparxMinimDraft_FD/Assembly/Mycocosm/Assembly/Assembled_scaffolds__masked_/Asparx1_AssemblyScaffolds_Repeatmasked.fasta.gz,data/raw/AsparxMinimDraft_FD/Annotation/Mycocosm/Annotation/Filtered_Models___best__/Genes/Asparx1_GeneCatalog_20170407.gff3.gz
1097514,1,data/raw/AspassMinimDraft_FD/Assembly/Mycocosm/Assembly/Assembled_scaffolds__masked_/Aspass1_AssemblyScaffolds_Repeatmasked.fasta.gz,data/raw/AspassMinimDraft_FD/Annotation/Mycocosm/Annotation/Filtered_Models___best__/Genes/Aspass1_GeneCatalog_20170407.gff3.gz
1052026,1,data/raw/AspastStandDraft_FD/Assembly/Mycocosm/Assembly/Assembled_scaffolds__masked_/Aspaste1_AssemblyScaffolds_Repeatmasked.fasta.gz,data/raw/AspastStandDraft_FD/Annotation/Mycocosm/Annotation/Filtered_Models___best__/Genes/Aspaste1_GeneCatalog_20160412.gff3.gz
1052032,1,data/raw/AspaurStandDraft_2_FD/Assembly/Mycocosm/Assembly/Assembled_scaffolds__masked_/Aspaura1_AssemblyScaffolds_Repeatmasked.fasta.gz,data/raw/AspaurStandDraft_2_FD/Annotation/Mycocosm/Annotation/Filtered_Models___best__/Genes/Aspaura1_GeneCatalog_20160412.gff3.gz
1188069,1,data/raw/AspaurMinimDraft_4_FD/Assembly/Mycocosm/Assembly/Assembled_scaffolds__masked_/Aspauran1_AssemblyScaffolds_Repeatmasked.fasta.gz,data/raw/AspaurMinimDraft_4_FD/Annotation/Mycocosm/Annotation/Filtered_Models___best__/Genes/Aspauran1_GeneCatalog_20210409.gff3.gz
1097486,1,data/raw/AspaurMinimDraft_FD/Assembly/Mycocosm/Assembly/Assembled_scaffolds__masked_/Aspaurlat1_AssemblyScaffolds_Repeatmasked.fasta.gz,data/raw/AspaurMinimDraft_FD/Annotation/Mycocosm/Annotation/Filtered_Models___best__/Genes/Aspaurlat1_GeneCatalog_20170429.gff3.gz
1097522,1,data/raw/AspaurMinimDraft_2_FD/Assembly/Mycocosm/Assembly/Assembled_scaffolds__masked_/Aspaurlut1_AssemblyScaffolds_Repeatmasked.fasta.gz,data/raw/AspaurMinimDraft_2_FD/Annotation/Mycocosm/Annotation/Filtered_Models___best__/Genes/Aspaurlut1_GeneCatalog_20170407.gff3.gz
1052446,1,data/raw/AspaurStandDraft_FD/Assembly/Mycocosm/Assembly/Assembled_scaffolds__masked_/Aspaur1_AssemblyScaffolds_Repeatmasked.fasta.gz,data/raw/AspaurStandDraft_FD/Annotation/Mycocosm/Annotation/Filtered_Models___best__/Genes/Aspaur1_GeneCatalog_20160910.gff3.gz
1188037,1,data/raw/AspastMinimDraft_FD/Assembly/Mycocosm/Assembly/Assembled_scaffolds__masked_/Aspaus1_AssemblyScaffolds_Repeatmasked.fasta.gz,data/raw/AspastMinimDraft_FD/Annotation/Mycocosm/Annotation/Filtered_Models___best__/Genes/Aspaus1_GeneCatalog_20210715.gff3.gz
1052236,1,data/raw/AspaveStandDraft_FD/Assembly/Mycocosm/Assembly/Assembled_scaffolds__masked_/Aspave1_AssemblyScaffolds_Repeatmasked.fasta.gz,data/raw/AspaveStandDraft_FD/Annotation/Mycocosm/Annotation/Filtered_Models___best__/Genes/Aspave1_GeneCatalog_20160920.gff3.gz
1052242,1,data/raw/AspberStandDraft_FD/Assembly/Mycocosm/Assembly/Assembled_scaffolds__masked_/Aspber1_AssemblyScaffolds_Repeatmasked.fasta.gz,data/raw/AspberStandDraft_FD/Annotation/Mycocosm/Annotation/Filtered_Models___best__/Genes/Aspber1_GeneCatalog_20160916.gff3.gz
1097386,1,data/raw/AspbipMinimDraft_FD/Assembly/Mycocosm/Assembly/Assembled_scaffolds__masked_/Aspbip1_AssemblyScaffolds_Repeatmasked.fasta.gz,data/raw/AspbipMinimDraft_FD/Annotation/Mycocosm/Annotation/Filtered_Models___best__/Genes/Aspbip1_GeneCatalog_20170407.gff3.gz
1052008,1,data/raw/AspbisStandDraft_FD/Assembly/Mycocosm/Assembly/Assembled_scaffolds__masked_/Aspbisp1_AssemblyScaffolds_Repeatmasked.fasta.gz,data/raw/AspbisStandDraft_FD/Annotation/Mycocosm/Annotation/Filtered_Models___best__/Genes/Aspbisp1_GeneCatalog_20160414.gff3.gz
1097622,1,data/raw/AspbotMinimDraft_FD/Assembly/Mycocosm/Assembly/Assembled_scaffolds__masked_/Aspbot1_AssemblyScaffolds_Repeatmasked.fasta.gz,data/raw/AspbotMinimDraft_FD/Annotation/Mycocosm/Annotation/Filtered_Models___best__/Genes/Aspbot1_GeneCatalog_20170407.gff3.gz
1052452,1,data/raw/AspbreStandDraft_FD/Assembly/Mycocosm/Assembly/Assembled_scaffolds__masked_/Aspbrev1_AssemblyScaffolds_Repeatmasked.fasta.gz,data/raw/AspbreStandDraft_FD/Annotation/Mycocosm/Annotation/Filtered_Models___best__/Genes/Aspbrev1_GeneCatalog_20160412.gff3.gz
1097526,1,data/raw/AspbreMinimDraft_FD/Assembly/Mycocosm/Assembly/Assembled_scaffolds__masked_/Aspbre1_AssemblyScaffolds_Repeatmasked.fasta.gz,data/raw/AspbreMinimDraft_FD/Annotation/Mycocosm/Annotation/Filtered_Models___best__/Genes/Aspbre1_GeneCatalog_20170407.gff3.gz
1187993,1,data/raw/AspbreMinimDraft_2_FD/Assembly/Mycocosm/Assembly/Assembled_scaffolds__masked_/Aspbrevi1_AssemblyScaffolds_Repeatmasked.fasta.gz,data/raw/AspbreMinimDraft_2_FD/Annotation/Mycocosm/Annotation/Filtered_Models___best__/Genes/Aspbrevi1_GeneCatalog_20210201.gff3.gz
1052248,1,data/raw/AspcaeStandDraft_FD/Assembly/Mycocosm/Assembly/Assembled_scaffolds__masked_/Aspcae1_AssemblyScaffolds_Repeatmasked.fasta.gz,data/raw/AspcaeStandDraft_FD/Annotation/Mycocosm/Annotation/Filtered_Models___best__/Genes/Aspcae1_GeneCatalog_20160916.gff3.gz
1097490,1,data/raw/AspcaeMinimDraft_FD/Assembly/Mycocosm/Assembly/Assembled_scaffolds__masked_/Aspcaesp1_AssemblyScaffolds_Repeatmasked.fasta.gz,data/raw/AspcaeMinimDraft_FD/Annotation/Mycocosm/Annotation/Filtered_Models___best__/Genes/Aspcaesp1_GeneCatalog_20210907.gff3.gz
1097406,1,data/raw/AspcalMinimDraft_FD/Assembly/Mycocosm/Assembly/Assembled_scaffolds__masked_/Aspcali1_AssemblyScaffolds_Repeatmasked.fasta.gz,data/raw/AspcalMinimDraft_FD/Annotation/Mycocosm/Annotation/Filtered_Models___best__/Genes/Aspcali1_GeneCatalog_20210201.gff3.gz
1097410,1,data/raw/AspcalMinimDraft_2_FD/Assembly/Mycocosm/Assembly/Assembled_scaffolds__masked_/Aspcalif1_AssemblyScaffolds_Repeatmasked.fasta.gz,data/raw/AspcalMinimDraft_2_FD/Annotation/Mycocosm/Annotation/Filtered_Models___best__/Genes/Aspcalif1_GeneCatalog_20170407.gff3.gz
1097606,1,data/raw/AspcanMinimDraft_FD/Assembly/Mycocosm/Assembly/Assembled_scaffolds__masked_/Aspcanin1_AssemblyScaffolds_Repeatmasked.fasta.gz,data/raw/AspcanMinimDraft_FD/Annotation/Mycocosm/Annotation/Filtered_Models___best__/Genes/Aspcanin1_GeneCatalog_20170408.gff3.gz
1097634,1,data/raw/AspcapMinimDraft_FD/Assembly/Mycocosm/Assembly/Assembled_scaffolds__masked_/Aspcap1_AssemblyScaffolds_Repeatmasked.fasta.gz,data/raw/AspcapMinimDraft_FD/Annotation/Mycocosm/Annotation/Filtered_Models___best__/Genes/Aspcap1_GeneCatalog_20170323.gff3.gz
1187837,1,data/raw/AspcapMinimDraft_2_FD/Assembly/Mycocosm/Assembly/Assembled_scaffolds__masked_/Aspcapp1_AssemblyScaffolds_Repeatmasked.fasta.gz,data/raw/AspcapMinimDraft_2_FD/Annotation/Mycocosm/Annotation/Filtered_Models___best__/Genes/Aspcapp1_GeneCatalog_20210211.gff3.gz
1097414,1,data/raw/AspcarMinimDraft_FD/Assembly/Mycocosm/Assembly/Assembled_scaffolds__masked_/Aspcar1_AssemblyScaffolds_Repeatmasked.fasta.gz,data/raw/AspcarMinimDraft_FD/Annotation/Mycocosm/Annotation/Filtered_Models___best__/Genes/Aspcar1_GeneCatalog_20170323.gff3.gz
1051966,1,data/raw/AspcejStandDraft_FD/Assembly/Mycocosm/Assembly/Assembled_scaffolds__masked_/Aspcej1_AssemblyScaffolds_Repeatmasked.fasta.gz,data/raw/AspcejStandDraft_FD/Annotation/Mycocosm/Annotation/Filtered_Models___best__/Genes/Aspcej1_GeneCatalog_20210330.gff3.gz
1187889,1,data/raw/AspcerMinimDraft_FD/Assembly/Mycocosm/Assembly/Assembled_scaffolds__masked_/Aspcer1_AssemblyScaffolds_Repeatmasked.fasta.gz,data/raw/AspcerMinimDraft_FD/Annotation/Mycocosm/Annotation/Filtered_Models___best__/Genes/Aspcer1_GeneCatalog_20190828.gff3.gz
1051972,1,data/raw/AspcheStandDraft_FD/Assembly/Mycocosm/Assembly/Assembled_scaffolds__masked_/Aspchev1_AssemblyScaffolds_Repeatmasked.fasta.gz,data/raw/AspcheStandDraft_FD/Annotation/Mycocosm/Annotation/Filtered_Models___best__/Genes/Aspchev1_GeneCatalog_20160413.gff3.gz
1187893,1,data/raw/AspchrMinimDraft_2_FD/Assembly/Mycocosm/Assembly/Assembled_scaffolds__masked_/Aspchris1_AssemblyScaffolds_Repeatmasked.fasta.gz,data/raw/AspchrMinimDraft_2_FD/Annotation/Mycocosm/Annotation/Filtered_Models___best__/Genes/Aspchris1_GeneCatalog_20210409.gff3.gz
1097614,1,data/raw/AspchrMinimDraft_FD/Assembly/Mycocosm/Assembly/Assembled_scaffolds__masked_/Aspchr1_AssemblyScaffolds_Repeatmasked.fasta.gz,data/raw/AspchrMinimDraft_FD/Annotation/Mycocosm/Annotation/Filtered_Models___best__/Genes/Aspchr1_GeneCatalog_20170323.gff3.gz
1188133,1,data/raw/AspcibMinimDraft_FD/Assembly/Mycocosm/Assembly/Assembled_scaffolds__masked_/Aspcib1_AssemblyScaffolds_Repeatmasked.fasta.gz,data/raw/AspcibMinimDraft_FD/Annotation/Mycocosm/Annotation/Filtered_Models___best__/Genes/Aspcib1_GeneCatalog_20210917.gff3.gz
1052206,1,data/raw/AspclaStandDraft_FD/Assembly/Mycocosm/Assembly/Assembled_scaffolds__masked_/Aspcla1_AssemblyScaffolds_Repeatmasked.fasta.gz,data/raw/AspclaStandDraft_FD/Annotation/Mycocosm/Annotation/Filtered_Models___best__/Genes/Aspcla1_GeneCatalog_20160910.gff3.gz
1052038,1,data/raw/AspcleStandDraft_FD/Assembly/Mycocosm/Assembly/Assembled_scaffolds__masked_/Aspcle1_AssemblyScaffolds_Repeatmasked.fasta.gz,data/raw/AspcleStandDraft_FD/Annotation/Mycocosm/Annotation/Filtered_Models___best__/Genes/Aspcle1_GeneCatalog_20181121.gff3.gz
1097390,1,data/raw/AspconMinimDraft_FD/Assembly/Mycocosm/Assembly/Assembled_scaffolds__masked_/Aspcon1_AssemblyScaffolds_Repeatmasked.fasta.gz,data/raw/AspconMinimDraft_FD/Annotation/Mycocosm/Annotation/Filtered_Models___best__/Genes/Aspcon1_GeneCatalog_20210202.gff3.gz
1097530,1,data/raw/AspcorMinimDraft_FD/Assembly/Mycocosm/Assembly/Assembled_scaffolds__masked_/Aspcorea1_AssemblyScaffolds_Repeatmasked.fasta.gz,data/raw/AspcorMinimDraft_FD/Annotation/Mycocosm/Annotation/Filtered_Models___best__/Genes/Aspcorea1_GeneCatalog_20170408.gff3.gz
1052254,1,data/raw/AspcorStandDraft_FD/Assembly/Mycocosm/Assembly/Assembled_scaffolds__masked_/Aspcor1_AssemblyScaffolds_Repeatmasked.fasta.gz,data/raw/AspcorStandDraft_FD/Annotation/Mycocosm/Annotation/Filtered_Models___best__/Genes/Aspcor1_GeneCatalog_20160916.gff3.gz
1052044,1,data/raw/AspcorStandDraft_2_FD/Assembly/Mycocosm/Assembly/Assembled_scaffolds__masked_/Aspcorr1_AssemblyScaffolds_Repeatmasked.fasta.gz,data/raw/AspcorStandDraft_2_FD/Annotation/Mycocosm/Annotation/Filtered_Models___best__/Genes/Aspcorr1_GeneCatalog_20210526.gff3.gz
1187977,1,data/raw/AspcosMinimDraft_FD/Assembly/Mycocosm/Assembly/Assembled_scaffolds__masked_/Aspcost1_AssemblyScaffolds_Repeatmasked.fasta.gz,data/raw/AspcosMinimDraft_FD/Annotation/Mycocosm/Annotation/Filtered_Models___best__/Genes/Aspcost1_GeneCatalog_20190828.gff3.gz
1188041,1,data/raw/AspcreMinimDraft_FD/Assembly/Mycocosm/Assembly/Assembled_scaffolds__masked_/Aspcreb1_AssemblyScaffolds_Repeatmasked.fasta.gz,data/raw/AspcreMinimDraft_FD/Annotation/Mycocosm/Annotation/Filtered_Models___best__/Genes/Aspcreb1_GeneCatalog_20191031.gff3.gz
1052350,1,data/raw/AspcreStandDraft_FD/Assembly/Mycocosm/Assembly/Assembled_scaffolds__masked_/Aspcre1_AssemblyScaffolds_Repeatmasked.fasta.gz,data/raw/AspcreStandDraft_FD/Annotation/Mycocosm/Annotation/Filtered_Models___best__/Genes/Aspcre1_GeneCatalog_20190322.gff3.gz
1097470,1,data/raw/AspcruMinimDraft_FD/Assembly/Mycocosm/Assembly/Assembled_scaffolds__masked_/Aspcru1_AssemblyScaffolds_Repeatmasked.fasta.gz,data/raw/AspcruMinimDraft_FD/Annotation/Mycocosm/Annotation/Filtered_Models___best__/Genes/Aspcru1_GeneCatalog_20170323.gff3.gz
1187989,1,data/raw/AspcumMinimDraft_FD/Assembly/Mycocosm/Assembly/Assembled_scaffolds__masked_/Aspcu1_AssemblyScaffolds_Repeatmasked.fasta.gz,data/raw/AspcumMinimDraft_FD/Annotation/Mycocosm/Annotation/Filtered_Models___best__/Genes/Aspcu1_GeneCatalog_20190828.gff3.gz
1097422,1,data/raw/AspdefMinimDraft_FD/Assembly/Mycocosm/Assembly/Assembled_scaffolds__masked_/Aspdef1_AssemblyScaffolds_Repeatmasked.fasta.gz,data/raw/AspdefMinimDraft_FD/Annotation/Mycocosm/Annotation/Filtered_Models___best__/Genes/Aspdef1_GeneCatalog_20210414.gff3.gz
1052050,1,data/raw/AspdenStandDraft_FD/Assembly/Mycocosm/Assembly/Assembled_scaffolds__masked_/Aspden1_AssemblyScaffolds_Repeatmasked.fasta.gz,data/raw/AspdenStandDraft_FD/Annotation/Mycocosm/Annotation/Filtered_Models___best__/Genes/Aspden1_GeneCatalog_20190524.gff3.gz
1052056,1,data/raw/AspdesStandDraft_FD/Assembly/Mycocosm/Assembly/Assembled_scaffolds__masked_/Aspdese1_AssemblyScaffolds_Repeatmasked.fasta.gz,data/raw/AspdesStandDraft_FD/Annotation/Mycocosm/Annotation/Filtered_Models___best__/Genes/Aspdese1_GeneCatalog_20160412.gff3.gz
1187905,1,data/raw/AspdimMinimDraft_FD/Assembly/Mycocosm/Assembly/Assembled_scaffolds__masked_/Aspdim1_AssemblyScaffolds_Repeatmasked.fasta.gz,data/raw/AspdimMinimDraft_FD/Annotation/Mycocosm/Annotation/Filtered_Models___best__/Genes/Aspdim1_GeneCatalog_20210412.gff3.gz
1188077,1,data/raw/AspdroMinimDraft_FD/Assembly/Mycocosm/Assembly/Assembled_scaffolds__masked_/Aspdro1_AssemblyScaffolds_Repeatmasked.fasta.gz,data/raw/AspdroMinimDraft_FD/Annotation/Mycocosm/Annotation/Filtered_Models___best__/Genes/Aspdro1_GeneCatalog_20191031.gff3.gz
1097534,1,data/raw/AspdurMinimDraft_FD/Assembly/Mycocosm/Assembly/Assembled_scaffolds__masked_/Aspdur1_AssemblyScaffolds_Repeatmasked.fasta.gz,data/raw/AspdurMinimDraft_FD/Annotation/Mycocosm/Annotation/Filtered_Models___best__/Genes/Aspdur1_GeneCatalog_20170324.gff3.gz
1097426,1,data/raw/AspegyMinimDraft_FD/Assembly/Mycocosm/Assembly/Assembled_scaffolds__masked_/Aspegy1_AssemblyScaffolds_Repeatmasked.fasta.gz,data/raw/AspegyMinimDraft_FD/Annotation/Mycocosm/Annotation/Filtered_Models___best__/Genes/Aspegy1_GeneCatalog_20170324.gff3.gz
1052356,1,data/raw/AspeleStandDraft_FD/Assembly/Mycocosm/Assembly/Assembled_scaffolds__masked_/Aspele1_AssemblyScaffolds_Repeatmasked.fasta.gz,data/raw/AspeleStandDraft_FD/Annotation/Mycocosm/Annotation/Filtered_Models___best__/Genes/Aspele1_GeneCatalog_20160516.gff3.gz
1188141,1,data/raw/AspendMinimDraft_FD/Assembly/Mycocosm/Assembly/Assembled_scaffolds__masked_/Aspend1_AssemblyScaffolds_Repeatmasked.fasta.gz,data/raw/AspendMinimDraft_FD/Annotation/Mycocosm/Annotation/Filtered_Models___best__/Genes/Aspend1_GeneCatalog_20210201.gff3.gz
1052068,1,data/raw/AspfalStandDraft_FD/Assembly/Mycocosm/Assembly/Assembled_scaffolds__masked_/Aspfalc1_AssemblyScaffolds_Repeatmasked.fasta.gz,data/raw/AspfalStandDraft_FD/Annotation/Mycocosm/Annotation/Filtered_Models___best__/Genes/Aspfalc1_GeneCatalog_20160412.gff3.gz
1097538,1,data/raw/AspferMinimDraft_FD/Assembly/Mycocosm/Assembly/Assembled_scaffolds__masked_/Aspfer1_AssemblyScaffolds_Repeatmasked.fasta.gz,data/raw/AspferMinimDraft_FD/Annotation/Mycocosm/Annotation/Filtered_Models___best__/Genes/Aspfer1_GeneCatalog_20170324.gff3.gz
1052074,1,data/raw/AspfilStandDraft_FD/Assembly/Mycocosm/Assembly/Assembled_scaffolds__masked_/Aspfili1_AssemblyScaffolds_Repeatmasked.fasta.gz,data/raw/AspfilStandDraft_FD/Annotation/Mycocosm/Annotation/Filtered_Models___best__/Genes/Aspfili1_GeneCatalog_20160412.gff3.gz
1097350,1,data/raw/AspflaMinimDraft_FD/Assembly/Mycocosm/Assembly/Assembled_scaffolds__masked_/Aspfla1_AssemblyScaffolds_Repeatmasked.fasta.gz,data/raw/AspflaMinimDraft_FD/Annotation/Mycocosm/Annotation/Filtered_Models___best__/Genes/Aspfla1_GeneCatalog_20170408.gff3.gz
1097354,1,data/raw/AspfloMinimDraft_FD/Assembly/Mycocosm/Assembly/Assembled_scaffolds__masked_/Aspflo1_AssemblyScaffolds_Repeatmasked.fasta.gz,data/raw/AspfloMinimDraft_FD/Annotation/Mycocosm/Annotation/Filtered_Models___best__/Genes/Aspflo1_GeneCatalog_20170325.gff3.gz
1052362,1,data/raw/AspfloStandDraft_FD/Assembly/Mycocosm/Assembly/Assembled_scaffolds__masked_/Aspfloc1_AssemblyScaffolds_Repeatmasked.fasta.gz,data/raw/AspfloStandDraft_FD/Annotation/Mycocosm/Annotation/Filtered_Models___best__/Genes/Aspfloc1_GeneCatalog_20160716.gff3.gz
1188025,1,data/raw/AspfloMinimDraft_3_FD/Assembly/Mycocosm/Assembly/Assembled_scaffolds__masked_/Aspflor1_AssemblyScaffolds_Repeatmasked.fasta.gz,data/raw/AspfloMinimDraft_3_FD/Annotation/Mycocosm/Annotation/Filtered_Models___best__/Genes/Aspflor1_GeneCatalog_20191031.gff3.gz
1052080,1,data/raw/AspfovStandDraft_FD/Assembly/Mycocosm/Assembly/Assembled_scaffolds__masked_/Aspfove1_AssemblyScaffolds_Repeatmasked.fasta.gz,data/raw/AspfovStandDraft_FD/Annotation/Mycocosm/Annotation/Filtered_Models___best__/Genes/Aspfove1_GeneCatalog_20160412.gff3.gz
1097626,1,data/raw/AspfreMinimDraft_FD/Assembly/Mycocosm/Assembly/Assembled_scaffolds__masked_/Aspfre1_AssemblyScaffolds_Repeatmasked.fasta.gz,data/raw/AspfreMinimDraft_FD/Annotation/Mycocosm/Annotation/Filtered_Models___best__/Genes/Aspfre1_GeneCatalog_20170405.gff3.gz
1052086,1,data/raw/AspfruStandDraft_FD/Assembly/Mycocosm/Assembly/Assembled_scaffolds__masked_/Aspfru1_AssemblyScaffolds_Repeatmasked.fasta.gz,data/raw/AspfruStandDraft_FD/Annotation/Mycocosm/Annotation/Filtered_Models___best__/Genes/Aspfru1_GeneCatalog_20160309.gff3.gz
1097542,1,data/raw/AspfumMinimDraft_FD/Assembly/Mycocosm/Assembly/Assembled_scaffolds__masked_/Aspfumig1_AssemblyScaffolds_Repeatmasked.fasta.gz,data/raw/AspfumMinimDraft_FD/Annotation/Mycocosm/Annotation/Filtered_Models___best__/Genes/Aspfumig1_GeneCatalog_20170324.gff3.gz
1097546,1,data/raw/AspfumMinimDraft_2_FD/Assembly/Mycocosm/Assembly/Assembled_scaffolds__masked_/Aspfumis1_AssemblyScaffolds_Repeatmasked.fasta.gz,data/raw/AspfumMinimDraft_2_FD/Annotation/Mycocosm/Annotation/Filtered_Models___best__/Genes/Aspfumis1_GeneCatalog_20170324.gff3.gz
1051948,1,data/raw/AspfunStandDraft_FD/Assembly/Mycocosm/Assembly/Assembled_scaffolds__masked_/Aspfuni1_AssemblyScaffolds_Repeatmasked.fasta.gz,data/raw/AspfunStandDraft_FD/Annotation/Mycocosm/Annotation/Filtered_Models___best__/Genes/Aspfuni1_GeneCatalog_20160414.gff3.gz
1097550,1,data/raw/AspgalMinimDraft_FD/Assembly/Mycocosm/Assembly/Assembled_scaffolds__masked_/Aspgal1_AssemblyScaffolds_Repeatmasked.fasta.gz,data/raw/AspgalMinimDraft_FD/Annotation/Mycocosm/Annotation/Filtered_Models___best__/Genes/Aspgal1_GeneCatalog_20170613.gff3.gz
1097430,1,data/raw/AspgerMinimDraft_FD/Assembly/Mycocosm/Assembly/Assembled_scaffolds__masked_/Aspger1_AssemblyScaffolds_Repeatmasked.fasta.gz,data/raw/AspgerMinimDraft_FD/Annotation/Mycocosm/Annotation/Filtered_Models___best__/Genes/Aspger1_GeneCatalog_20170324.gff3.gz
1051936,1,data/raw/AspgigStandDraft_FD/Assembly/Mycocosm/Assembly/Assembled_scaffolds__masked_/Aspgig1_AssemblyScaffolds_Repeatmasked.fasta.gz,data/raw/AspgigStandDraft_FD/Annotation/Mycocosm/Annotation/Filtered_Models___best__/Genes/Aspgig1_GeneCatalog_20190524.gff3.gz
1097434,1,data/raw/AspgraMinimDraft_FD/Assembly/Mycocosm/Assembly/Assembled_scaffolds__masked_/Aspgra1_AssemblyScaffolds_Repeatmasked.fasta.gz,data/raw/AspgraMinimDraft_FD/Annotation/Mycocosm/Annotation/Filtered_Models___best__/Genes/Aspgra1_GeneCatalog_20170405.gff3.gz
1097394,1,data/raw/AsphaiMinimDraft_FD/Assembly/Mycocosm/Assembly/Assembled_scaffolds__masked_/Asphai1_AssemblyScaffolds_Repeatmasked.fasta.gz,data/raw/AsphaiMinimDraft_FD/Annotation/Mycocosm/Annotation/Filtered_Models___best__/Genes/Asphai1_GeneCatalog_20190524.gff3.gz
1097558,1,data/raw/AsphirMinimDraft_FD/Assembly/Mycocosm/Assembly/Assembled_scaffolds__masked_/Asphir1_AssemblyScaffolds_Repeatmasked.fasta.gz,data/raw/AsphirMinimDraft_FD/Annotation/Mycocosm/Annotation/Filtered_Models___best__/Genes/Asphir1_GeneCatalog_20170405.gff3.gz
1187849,1,data/raw/AsphorMinimDraft_FD/Assembly/Mycocosm/Assembly/Assembled_scaffolds__masked_/Asphor1_AssemblyScaffolds_Repeatmasked.fasta.gz,data/raw/AsphorMinimDraft_FD/Annotation/Mycocosm/Annotation/Filtered_Models___best__/Genes/Asphor1_GeneCatalog_20210201.gff3.gz
1097518,1,data/raw/AspignMinimDraft_FD/Assembly/Mycocosm/Assembly/Assembled_scaffolds__masked_/Aspign1_AssemblyScaffolds_Repeatmasked.fasta.gz,data/raw/AspignMinimDraft_FD/Annotation/Mycocosm/Annotation/Filtered_Models___best__/Genes/Aspign1_GeneCatalog_20170405.gff3.gz
1097358,1,data/raw/AspiizMinimDraft_FD/Assembly/Mycocosm/Assembly/Assembled_scaffolds__masked_/Aspiiz1_AssemblyScaffolds_Repeatmasked.fasta.gz,data/raw/AspiizMinimDraft_FD/Annotation/Mycocosm/Annotation/Filtered_Models___best__/Genes/Aspiiz1_GeneCatalog_20170324.gff3.gz
1052098,1,data/raw/AspindStandDraft_2_FD/Assembly/Mycocosm/Assembly/Assembled_scaffolds__masked_/Aspind2_1_AssemblyScaffolds_Repeatmasked.fasta.gz,data/raw/AspindStandDraft_2_FD/Annotation/Mycocosm/Annotation/Filtered_Models___best__/Genes/Aspind2_1_GeneCatalog_20160309.gff3.gz
1051978,1,data/raw/AspinsStandDraft_FD/Assembly/Mycocosm/Assembly/Assembled_scaffolds__masked_/Aspinso1_AssemblyScaffolds_Repeatmasked.fasta.gz,data/raw/AspinsStandDraft_FD/Annotation/Mycocosm/Annotation/Filtered_Models___best__/Genes/Aspinso1_GeneCatalog_20160413.gff3.gz
1097442,1,data/raw/AspinsMinimDraft_2_FD/Assembly/Mycocosm/Assembly/Assembled_scaffolds__masked_/Aspins1_AssemblyScaffolds_Repeatmasked.fasta.gz,data/raw/AspinsMinimDraft_2_FD/Annotation/Mycocosm/Annotation/Filtered_Models___best__/Genes/Aspins1_GeneCatalog_20170324.gff3.gz
1097482,1,data/raw/AspkarMinimDraft_FD/Assembly/Mycocosm/Assembly/Assembled_scaffolds__masked_/Aspkar1_AssemblyScaffolds_Repeatmasked.fasta.gz,data/raw/AspkarMinimDraft_FD/Annotation/Mycocosm/Annotation/Filtered_Models___best__/Genes/Aspkar1_GeneCatalog_20170325.gff3.gz
1097446,1,data/raw/AspkevMinimDraft_FD/Assembly/Mycocosm/Assembly/Assembled_scaffolds__masked_/Aspkev1_AssemblyScaffolds_Repeatmasked.fasta.gz,data/raw/AspkevMinimDraft_FD/Annotation/Mycocosm/Annotation/Filtered_Models___best__/Genes/Aspkev1_GeneCatalog_20170406.gff3.gz
1097562,1,data/raw/AsplacMinimDraft_FD/Assembly/Mycocosm/Assembly/Assembled_scaffolds__masked_/Asplaci1_AssemblyScaffolds_Repeatmasked.fasta.gz,data/raw/AsplacMinimDraft_FD/Annotation/Mycocosm/Annotation/Filtered_Models___best__/Genes/Asplaci1_GeneCatalog_20170405.gff3.gz
1097566,1,data/raw/AsplenMinimDraft_FD/Assembly/Mycocosm/Assembly/Assembled_scaffolds__masked_/Asplen1_AssemblyScaffolds_Repeatmasked.fasta.gz,data/raw/AsplenMinimDraft_FD/Annotation/Mycocosm/Annotation/Filtered_Models___best__/Genes/Asplen1_GeneCatalog_20170406.gff3.gz
1052260,1,data/raw/AsplepStandDraft_FD/Assembly/Mycocosm/Assembly/Assembled_scaffolds__masked_/Asplep1_AssemblyScaffolds_Repeatmasked.fasta.gz,data/raw/AsplepStandDraft_FD/Annotation/Mycocosm/Annotation/Filtered_Models___best__/Genes/Asplep1_GeneCatalog_20161018.gff3.gz
1052212,1,data/raw/AsplonStandDraft_FD/Assembly/Mycocosm/Assembly/Assembled_scaffolds__masked_/Asplon1_AssemblyScaffolds_Repeatmasked.fasta.gz,data/raw/AsplonStandDraft_FD/Annotation/Mycocosm/Annotation/Filtered_Models___best__/Genes/Asplon1_GeneCatalog_20160909.gff3.gz
1097450,1,data/raw/AsplucMinimDraft_FD/Assembly/Mycocosm/Assembly/Assembled_scaffolds__masked_/Aspluc1_AssemblyScaffolds_Repeatmasked.fasta.gz,data/raw/AsplucMinimDraft_FD/Annotation/Mycocosm/Annotation/Filtered_Models___best__/Genes/Aspluc1_GeneCatalog_20170325.gff3.gz
1097630,1,data/raw/AsplupMinimDraft_FD/Assembly/Mycocosm/Assembly/Assembled_scaffolds__masked_/Asplup1_AssemblyScaffolds_Repeatmasked.fasta.gz,data/raw/AsplupMinimDraft_FD/Annotation/Mycocosm/Annotation/Filtered_Models___best__/Genes/Asplup1_GeneCatalog_20170325.gff3.gz
1187997,1,data/raw/AspmanMinimDraft_FD/Assembly/Mycocosm/Assembly/Assembled_scaffolds__masked_/Aspman1_AssemblyScaffolds_Repeatmasked.fasta.gz,data/raw/AspmanMinimDraft_FD/Annotation/Mycocosm/Annotation/Filtered_Models___best__/Genes/Aspman1_GeneCatalog_20210405.gff3.gz
1188157,1,data/raw/AspmegMinimDraft_FD/Assembly/Mycocosm/Assembly/Assembled_scaffolds__masked_/Aspmeg1_AssemblyScaffolds_Repeatmasked.fasta.gz,data/raw/AspmegMinimDraft_FD/Annotation/Mycocosm/Annotation/Filtered_Models___best__/Genes/Aspmeg1_GeneCatalog_20210202.gff3.gz
1097362,1,data/raw/AspmicMinimDraft_FD/Assembly/Mycocosm/Assembly/Assembled_scaffolds__masked_/Aspmic1_AssemblyScaffolds_Repeatmasked.fasta.gz,data/raw/AspmicMinimDraft_FD/Annotation/Mycocosm/Annotation/Filtered_Models___best__/Genes/Aspmic1_GeneCatalog_20170325.gff3.gz
1052266,1,data/raw/AspminStandDraft_FD/Assembly/Mycocosm/Assembly/Assembled_scaffolds__masked_/Aspmin1_AssemblyScaffolds_Repeatmasked.fasta.gz,data/raw/AspminStandDraft_FD/Annotation/Mycocosm/Annotation/Filtered_Models___best__/Genes/Aspmin1_GeneCatalog_20160910.gff3.gz
1188085,1,data/raw/AspmirMinimDraft_FD/Assembly/Mycocosm/Assembly/Assembled_scaffolds__masked_/Aspmir1_AssemblyScaffolds_Repeatmasked.fasta.gz,data/raw/AspmirMinimDraft_FD/Annotation/Mycocosm/Annotation/Filtered_Models___best__/Genes/Aspmir1_GeneCatalog_20190828.gff3.gz
1052272,1,data/raw/AspmotStandDraft_FD/Assembly/Mycocosm/Assembly/Assembled_scaffolds__masked_/Aspmot1_AssemblyScaffolds_Repeatmasked.fasta.gz,data/raw/AspmotStandDraft_FD/Annotation/Mycocosm/Annotation/Filtered_Models___best__/Genes/Aspmot1_GeneCatalog_20210409.gff3.gz
1052110,1,data/raw/AspmulStandDraft_FD/Assembly/Mycocosm/Assembly/Assembled_scaffolds__masked_/Aspmul1_1_AssemblyScaffolds_Repeatmasked.fasta.gz,data/raw/AspmulStandDraft_FD/Annotation/Mycocosm/Annotation/Filtered_Models___best__/Genes/Aspmul1_1_GeneCatalog_20160309.gff3.gz
1097570,1,data/raw/AspmulMinimDraft_FD/Assembly/Mycocosm/Assembly/Assembled_scaffolds__masked_/Aspmult1_AssemblyScaffolds_Repeatmasked.fasta.gz,data/raw/AspmulMinimDraft_FD/Annotation/Mycocosm/Annotation/Filtered_Models___best__/Genes/Aspmult1_GeneCatalog_20170325.gff3.gz
1052368,1,data/raw/AspmurStandDraft_FD/Assembly/Mycocosm/Assembly/Assembled_scaffolds__masked_/Aspmuri1_AssemblyScaffolds_Repeatmasked.fasta.gz,data/raw/AspmurStandDraft_FD/Annotation/Mycocosm/Annotation/Filtered_Models___best__/Genes/Aspmuri1_GeneCatalog_20160720.gff3.gz
1052374,1,data/raw/AspnakStandDraft_FD/Assembly/Mycocosm/Assembly/Assembled_scaffolds__masked_/Aspnaka1_AssemblyScaffolds_Repeatmasked.fasta.gz,data/raw/AspnakStandDraft_FD/Annotation/Mycocosm/Annotation/Filtered_Models___best__/Genes/Aspnaka1_GeneCatalog_20160720.gff3.gz
1052116,1,data/raw/AspnavStandDraft_FD/Assembly/Mycocosm/Assembly/Assembled_scaffolds__masked_/Aspnav1_1_AssemblyScaffolds_Repeatmasked.fasta.gz,data/raw/AspnavStandDraft_FD/Annotation/Mycocosm/Annotation/Filtered_Models___best__/Genes/Aspnav1_1_GeneCatalog_20160309.gff3.gz
1052380,1,data/raw/AspneoStandDraft_2_FD/Assembly/Mycocosm/Assembly/Assembled_scaffolds__masked_/Aspneoa1_AssemblyScaffolds_Repeatmasked.fasta.gz,data/raw/AspneoStandDraft_2_FD/Annotation/Mycocosm/Annotation/Filtered_Models___best__/Genes/Aspneoa1_GeneCatalog_20160629.gff3.gz
1188165,1,data/raw/AspneoMinimDraft_8_FD/Assembly/Mycocosm/Assembly/Assembled_scaffolds__masked_/Aspneoca1_AssemblyScaffolds_Repeatmasked.fasta.gz,data/raw/AspneoMinimDraft_8_FD/Annotation/Mycocosm/Annotation/Filtered_Models___best__/Genes/Aspneoca1_GeneCatalog_20210202.gff3.gz
1188169,1,data/raw/AspneoMinimDraft_9_FD/Assembly/Mycocosm/Assembly/Assembled_scaffolds__masked_/Aspneoc1_AssemblyScaffolds_Repeatmasked.fasta.gz,data/raw/AspneoMinimDraft_9_FD/Annotation/Mycocosm/Annotation/Filtered_Models___best__/Genes/Aspneoc1_GeneCatalog_20190828.gff3.gz
1052062,1,data/raw/AspneoStandDraft_3_FD/Assembly/Mycocosm/Assembly/Assembled_scaffolds__masked_/Aspne1_AssemblyScaffolds_Repeatmasked.fasta.gz,data/raw/AspneoStandDraft_3_FD/Annotation/Mycocosm/Annotation/Filtered_Models___best__/Genes/Aspne1_GeneCatalog_20160629.gff3.gz
1097374,1,data/raw/AspneoMinimDraft_3_FD/Assembly/Mycocosm/Assembly/Assembled_scaffolds__masked_/Aspneof1_AssemblyScaffolds_Repeatmasked.fasta.gz,data/raw/AspneoMinimDraft_3_FD/Annotation/Mycocosm/Annotation/Filtered_Models___best__/Genes/Aspneof1_GeneCatalog_20170406.gff3.gz
1097370,1,data/raw/AspneoMinimDraft_2_FD/Assembly/Mycocosm/Assembly/Assembled_scaffolds__masked_/Aspneoi1_AssemblyScaffolds_Repeatmasked.fasta.gz,data/raw/AspneoMinimDraft_2_FD/Annotation/Mycocosm/Annotation/Filtered_Models___best__/Genes/Aspneoi1_GeneCatalog_20170406.gff3.gz
1187917,1,data/raw/AspneoMinimDraft_6_FD/Assembly/Mycocosm/Assembly/Assembled_scaffolds__masked_/Aspneos1_AssemblyScaffolds_Repeatmasked.fasta.gz,data/raw/AspneoMinimDraft_6_FD/Annotation/Mycocosm/Annotation/Filtered_Models___best__/Genes/Aspneos1_GeneCatalog_20210119.gff3.gz
1187885,1,data/raw/AspneoMinimDraft_5_FD/Assembly/Mycocosm/Assembly/Assembled_scaffolds__masked_/Aspneow1_AssemblyScaffolds_Repeatmasked.fasta.gz,data/raw/AspneoMinimDraft_5_FD/Annotation/Mycocosm/Annotation/Filtered_Models___best__/Genes/Aspneow1_GeneCatalog_20190829.gff3.gz
1097574,1,data/raw/AspnisMinimDraft_FD/Assembly/Mycocosm/Assembly/Assembled_scaffolds__masked_/Aspnis1_AssemblyScaffolds_Repeatmasked.fasta.gz,data/raw/AspnisMinimDraft_FD/Annotation/Mycocosm/Annotation/Filtered_Models___best__/Genes/Aspnis1_GeneCatalog_20170320.gff3.gz
1187857,1,data/raw/AspnivMinimDraft_FD/Assembly/Mycocosm/Assembly/Assembled_scaffolds__masked_/Aspniv1_AssemblyScaffolds_Repeatmasked.fasta.gz,data/raw/AspnivMinimDraft_FD/Annotation/Mycocosm/Annotation/Filtered_Models___best__/Genes/Aspniv1_GeneCatalog_20210201.gff3.gz
1052278,1,data/raw/AspnomStandDraft_FD/Assembly/Mycocosm/Assembly/Assembled_scaffolds__masked_/Aspnom1_AssemblyScaffolds_Repeatmasked.fasta.gz,data/raw/AspnomStandDraft_FD/Annotation/Mycocosm/Annotation/Filtered_Models___best__/Genes/Aspnom1_GeneCatalog_20160910.gff3.gz
1052284,1,data/raw/AspnovStandDraft_2_FD/Assembly/Mycocosm/Assembly/Assembled_scaffolds__masked_/Aspnovo1_AssemblyScaffolds_Repeatmasked.fasta.gz,data/raw/AspnovStandDraft_2_FD/Annotation/Mycocosm/Annotation/Filtered_Models___best__/Genes/Aspnovo1_GeneCatalog_20160816.gff3.gz
1187897,1,data/raw/AspnutMinimDraft_FD/Assembly/Mycocosm/Assembly/Assembled_scaffolds__masked_/Aspnut1_AssemblyScaffolds_Repeatmasked.fasta.gz,data/raw/AspnutMinimDraft_FD/Annotation/Mycocosm/Annotation/Filtered_Models___best__/Genes/Aspnut1_GeneCatalog_20191025.gff3.gz
1188109,1,data/raw/AspoerMinimDraft_FD/Assembly/Mycocosm/Assembly/Assembled_scaffolds__masked_/Aspoer1_AssemblyScaffolds_Repeatmasked.fasta.gz,data/raw/AspoerMinimDraft_FD/Annotation/Mycocosm/Annotation/Filtered_Models___best__/Genes/Aspoer1_GeneCatalog_20191031.gff3.gz
1052122,1,data/raw/AspoliStandDraft_FD/Assembly/Mycocosm/Assembly/Assembled_scaffolds__masked_/Aspoli1_1_AssemblyScaffolds_Repeatmasked.fasta.gz,data/raw/AspoliStandDraft_FD/Annotation/Mycocosm/Annotation/Filtered_Models___best__/Genes/Aspoli1_1_GeneCatalog_20160309.gff3.gz
1052386,1,data/raw/AspostStandDraft_FD/Assembly/Mycocosm/Assembly/Assembled_scaffolds__masked_/Asposti1_AssemblyScaffolds_Repeatmasked.fasta.gz,data/raw/AspostStandDraft_FD/Annotation/Mycocosm/Annotation/Filtered_Models___best__/Genes/Asposti1_GeneCatalog_20160720.gff3.gz
1188089,1,data/raw/AsppacMinimDraft_FD/Assembly/Mycocosm/Assembly/Assembled_scaffolds__masked_/Asppac1_AssemblyScaffolds_Repeatmasked.fasta.gz,data/raw/AsppacMinimDraft_FD/Annotation/Mycocosm/Annotation/Filtered_Models___best__/Genes/Asppac1_GeneCatalog_20210517.gff3.gz
1097578,1,data/raw/AsppapMinimDraft_FD/Assembly/Mycocosm/Assembly/Assembled_scaffolds__masked_/Asppap1_AssemblyScaffolds_Repeatmasked.fasta.gz,data/raw/AsppapMinimDraft_FD/Annotation/Mycocosm/Annotation/Filtered_Models___best__/Genes/Asppap1_GeneCatalog_20170613.gff3.gz
1188005,1,data/raw/AspparMinimDraft_2_FD/Assembly/Mycocosm/Assembly/Assembled_scaffolds__masked_/Asppara1_AssemblyScaffolds_Repeatmasked.fasta.gz,data/raw/AspparMinimDraft_2_FD/Annotation/Mycocosm/Annotation/Filtered_Models___best__/Genes/Asppara1_GeneCatalog_20201109.gff3.gz
1052290,1,data/raw/AspparStandDraft_2_FD/Assembly/Mycocosm/Assembly/Assembled_scaffolds__masked_/Asppar1_AssemblyScaffolds_Repeatmasked.fasta.gz,data/raw/AspparStandDraft_2_FD/Annotation/Mycocosm/Annotation/Filtered_Models___best__/Genes/Asppar1_GeneCatalog_20160724.gff3.gz
1052296,1,data/raw/AspparStandDraft_FD/Assembly/Mycocosm/Assembly/Assembled_scaffolds__masked_/Asppari1_AssemblyScaffolds_Repeatmasked.fasta.gz,data/raw/AspparStandDraft_FD/Annotation/Mycocosm/Annotation/Filtered_Models___best__/Genes/Asppari1_GeneCatalog_20161018.gff3.gz
1051960,1,data/raw/AspparStandDraft_3_FD/Assembly/Mycocosm/Assembly/Assembled_scaffolds__masked_/Aspparv1_AssemblyScaffolds_Repeatmasked.fasta.gz,data/raw/AspparStandDraft_3_FD/Annotation/Mycocosm/Annotation/Filtered_Models___best__/Genes/Aspparv1_GeneCatalog_20160414.gff3.gz
1051984,1,data/raw/AsppenStandDraft_FD/Assembly/Mycocosm/Assembly/Assembled_scaffolds__masked_/Asppeni1_AssemblyScaffolds_Repeatmasked.fasta.gz,data/raw/AsppenStandDraft_FD/Annotation/Mycocosm/Annotation/Filtered_Models___best__/Genes/Asppeni1_GeneCatalog_20160413.gff3.gz
1097650,1,data/raw/AspperMinimDraft_FD/Assembly/Mycocosm/Assembly/Assembled_scaffolds__masked_/Asppern1_AssemblyScaffolds_Repeatmasked.fasta.gz,data/raw/AspperMinimDraft_FD/Annotation/Mycocosm/Annotation/Filtered_Models___best__/Genes/Asppern1_GeneCatalog_20170402.gff3.gz
1052392,1,data/raw/AspperStandDraft_FD/Assembly/Mycocosm/Assembly/Assembled_scaffolds__masked_/Aspper1_AssemblyScaffolds_Repeatmasked.fasta.gz,data/raw/AspperStandDraft_FD/Annotation/Mycocosm/Annotation/Filtered_Models___best__/Genes/Aspper1_GeneCatalog_20160723.gff3.gz
1188185,1,data/raw/AspphaMinimDraft_FD/Assembly/Mycocosm/Assembly/Assembled_scaffolds__masked_/Asppha1_AssemblyScaffolds_Repeatmasked.fasta.gz,data/raw/AspphaMinimDraft_FD/Annotation/Mycocosm/Annotation/Filtered_Models___best__/Genes/Asppha1_GeneCatalog_20210122.gff3.gz
1097582,1,data/raw/AsppriMinimDraft_FD/Assembly/Mycocosm/Assembly/Assembled_scaffolds__masked_/Asppri1_AssemblyScaffolds_Repeatmasked.fasta.gz,data/raw/AsppriMinimDraft_FD/Annotation/Mycocosm/Annotation/Filtered_Models___best__/Genes/Asppri1_GeneCatalog_20180608.gff3.gz
1052302,1,data/raw/AsppseStandDraft_2_FD/Assembly/Mycocosm/Assembly/Assembled_scaffolds__masked_/Asppsec1_AssemblyScaffolds_Repeatmasked.fasta.gz,data/raw/AsppseStandDraft_2_FD/Annotation/Mycocosm/Annotation/Filtered_Models___best__/Genes/Asppsec1_GeneCatalog_20160915.gff3.gz
1097454,1,data/raw/AsppseMinimDraft_2_FD/Assembly/Mycocosm/Assembly/Assembled_scaffolds__masked_/Asppdef1_AssemblyScaffolds_Repeatmasked.fasta.gz,data/raw/AsppseMinimDraft_2_FD/Annotation/Mycocosm/Annotation/Filtered_Models___best__/Genes/Asppdef1_GeneCatalog_20170320.gff3.gz
1187841,1,data/raw/AsppseMinimDraft_6_FD/Assembly/Mycocosm/Assembly/Assembled_scaffolds__masked_/Asppsf1_AssemblyScaffolds_Repeatmasked.fasta.gz,data/raw/AsppseMinimDraft_6_FD/Annotation/Mycocosm/Annotation/Filtered_Models___best__/Genes/Asppsf1_GeneCatalog_20190828.gff3.gz
1052314,1,data/raw/AsppseStandDraft_3_FD/Assembly/Mycocosm/Assembly/Assembled_scaffolds__masked_/Asppset1_AssemblyScaffolds_Repeatmasked.fasta.gz,data/raw/AsppseStandDraft_3_FD/Annotation/Mycocosm/Annotation/Filtered_Models___best__/Genes/Asppset1_GeneCatalog_20160915.gff3.gz
1097378,1,data/raw/AsppseMinimDraft_FD/Assembly/Mycocosm/Assembly/Assembled_scaffolds__masked_/Asppterr1_AssemblyScaffolds_Repeatmasked.fasta.gz,data/raw/AsppseMinimDraft_FD/Annotation/Mycocosm/Annotation/Filtered_Models___best__/Genes/Asppterr1_GeneCatalog_20170613.gff3.gz
1097458,1,data/raw/AsppseMinimDraft_3_FD/Assembly/Mycocosm/Assembly/Assembled_scaffolds__masked_/Asppust1_AssemblyScaffolds_Repeatmasked.fasta.gz,data/raw/AsppseMinimDraft_3_FD/Annotation/Mycocosm/Annotation/Filtered_Models___best__/Genes/Asppust1_GeneCatalog_20170320.gff3.gz
1188113,1,data/raw/AsppseMinimDraft_4_FD/Assembly/Mycocosm/Assembly/Assembled_scaffolds__masked_/Asppsev1_AssemblyScaffolds_Repeatmasked.fasta.gz,data/raw/AsppseMinimDraft_4_FD/Annotation/Mycocosm/Annotation/Filtered_Models___best__/Genes/Asppsev1_GeneCatalog_20190828.gff3.gz
1188009,1,data/raw/AsppulMinimDraft_FD/Assembly/Mycocosm/Assembly/Assembled_scaffolds__masked_/Asppul1_AssemblyScaffolds_Repeatmasked.fasta.gz,data/raw/AsppulMinimDraft_FD/Annotation/Mycocosm/Annotation/Filtered_Models___best__/Genes/Asppul1_GeneCatalog_20191031.gff3.gz
1188049,1,data/raw/AsppuuMinimDraft_FD/Assembly/Mycocosm/Assembly/Assembled_scaffolds__masked_/Asppuu1_AssemblyScaffolds_Repeatmasked.fasta.gz,data/raw/AsppuuMinimDraft_FD/Annotation/Mycocosm/Annotation/Filtered_Models___best__/Genes/Asppuu1_GeneCatalog_20191031.gff3.gz
1052092,1,data/raw/AspgemStandDraft_FD/Assembly/Mycocosm/Assembly/Assembled_scaffolds__masked_/Aspquag1_AssemblyScaffolds_Repeatmasked.fasta.gz,data/raw/AspgemStandDraft_FD/Annotation/Mycocosm/Annotation/Filtered_Models___best__/Genes/Aspquag1_GeneCatalog_20170616.gff3.gz
1097494,1,data/raw/AspfloMinimDraft_2_FD/Assembly/Mycocosm/Assembly/Assembled_scaffolds__masked_/Aspquaf1_AssemblyScaffolds_Repeatmasked.fasta.gz,data/raw/AspfloMinimDraft_2_FD/Annotation/Mycocosm/Annotation/Filtered_Models___best__/Genes/Aspquaf1_GeneCatalog_20170616.gff3.gz
1097382,1,data/raw/AspramMinimDraft_FD/Assembly/Mycocosm/Assembly/Assembled_scaffolds__masked_/Aspramb1_AssemblyScaffolds_Repeatmasked.fasta.gz,data/raw/AspramMinimDraft_FD/Annotation/Mycocosm/Annotation/Filtered_Models___best__/Genes/Aspramb1_GeneCatalog_20170921.gff3.gz
1052146,1,data/raw/AsprecStandDraft_FD/Assembly/Mycocosm/Assembly/Assembled_scaffolds__masked_/Asprec1_1_AssemblyScaffolds_Repeatmasked.fasta.gz,data/raw/AsprecStandDraft_FD/Annotation/Mycocosm/Annotation/Filtered_Models___best__/Genes/Asprec1_1_GeneCatalog_20160405.gff3.gz
1051990,1,data/raw/AspresStandDraft_FD/Assembly/Mycocosm/Assembly/Assembled_scaffolds__masked_/Aspres1_AssemblyScaffolds_Repeatmasked.fasta.gz,data/raw/AspresStandDraft_FD/Annotation/Mycocosm/Annotation/Filtered_Models___best__/Genes/Aspres1_GeneCatalog_20160629.gff3.gz
1052218,1,data/raw/AsprhiStandDraft_FD/Assembly/Mycocosm/Assembly/Assembled_scaffolds__masked_/Asprhi1_AssemblyScaffolds_Repeatmasked.fasta.gz,data/raw/AsprhiStandDraft_FD/Annotation/Mycocosm/Annotation/Filtered_Models___best__/Genes/Asprhi1_GeneCatalog_20160910.gff3.gz
1051924,1,data/raw/AsprobStandDraft_FD/Assembly/Mycocosm/Assembly/Assembled_scaffolds__masked_/Asprobu1_AssemblyScaffolds_Repeatmasked.fasta.gz,data/raw/AsprobStandDraft_FD/Annotation/Mycocosm/Annotation/Filtered_Models___best__/Genes/Asprobu1_GeneCatalog_20160413.gff3.gz
1052404,1,data/raw/AsprosStandDraft_FD/Assembly/Mycocosm/Assembly/Assembled_scaffolds__masked_/Aspros1_AssemblyScaffolds_Repeatmasked.fasta.gz,data/raw/AsprosStandDraft_FD/Annotation/Mycocosm/Annotation/Filtered_Models___best__/Genes/Aspros1_GeneCatalog_20160629.gff3.gz
1051930,1,data/raw/AspsclStandDraft_3_FD/Assembly/Mycocosm/Assembly/Assembled_scaffolds__masked_/Aspsc1_AssemblyScaffolds_Repeatmasked.fasta.gz,data/raw/AspsclStandDraft_3_FD/Annotation/Mycocosm/Annotation/Filtered_Models___best__/Genes/Aspsc1_GeneCatalog_20160516.gff3.gz
1187921,1,data/raw/AspsepMinimDraft_FD/Assembly/Mycocosm/Assembly/Assembled_scaffolds__masked_/Aspsep1_AssemblyScaffolds_Repeatmasked.fasta.gz,data/raw/AspsepMinimDraft_FD/Annotation/Mycocosm/Annotation/Filtered_Models___best__/Genes/Aspsep1_GeneCatalog_20191031.gff3.gz
1052320,1,data/raw/AspserStandDraft_FD/Assembly/Mycocosm/Assembly/Assembled_scaffolds__masked_/Aspser1_AssemblyScaffolds_Repeatmasked.fasta.gz,data/raw/AspserStandDraft_FD/Annotation/Mycocosm/Annotation/Filtered_Models___best__/Genes/Aspser1_GeneCatalog_20160915.gff3.gz
1188013,1,data/raw/AspsesMinimDraft_FD/Assembly/Mycocosm/Assembly/Assembled_scaffolds__masked_/Aspses1_AssemblyScaffolds_Repeatmasked.fasta.gz,data/raw/AspsesMinimDraft_FD/Annotation/Mycocosm/Annotation/Filtered_Models___best__/Genes/Aspses1_GeneCatalog_20190828.gff3.gz
1188117,1,data/raw/AspsheMinimDraft_FD/Assembly/Mycocosm/Assembly/Assembled_scaffolds__masked_/Aspshe1_AssemblyScaffolds_Repeatmasked.fasta.gz,data/raw/AspsheMinimDraft_FD/Annotation/Mycocosm/Annotation/Filtered_Models___best__/Genes/Aspshe1_GeneCatalog_20191103.gff3.gz
1097646,1,data/raw/AspsiaMinimDraft_FD/Assembly/Mycocosm/Assembly/Assembled_scaffolds__masked_/Aspsia1_AssemblyScaffolds_Repeatmasked.fasta.gz,data/raw/AspsiaMinimDraft_FD/Annotation/Mycocosm/Annotation/Filtered_Models___best__/Genes/Aspsia1_GeneCatalog_20190524.gff3.gz
1097506,1,data/raw/AspsilMinimDraft_FD/Assembly/Mycocosm/Assembly/Assembled_scaffolds__masked_/Aspsil1_AssemblyScaffolds_Repeatmasked.fasta.gz,data/raw/AspsilMinimDraft_FD/Annotation/Mycocosm/Annotation/Filtered_Models___best__/Genes/Aspsil1_GeneCatalog_20170326.gff3.gz
1052152,1,data/raw/AspsimStandDraft_FD/Assembly/Mycocosm/Assembly/Assembled_scaffolds__masked_/Aspsim1_1_AssemblyScaffolds_Repeatmasked.fasta.gz,data/raw/AspsimStandDraft_FD/Annotation/Mycocosm/Annotation/Filtered_Models___best__/Genes/Aspsim1_1_GeneCatalog_20160404.gff3.gz
1097586,1,data/raw/AspspaMinimDraft_2_FD/Assembly/Mycocosm/Assembly/Assembled_scaffolds__masked_/Aspspa1_AssemblyScaffolds_Repeatmasked.fasta.gz,data/raw/AspspaMinimDraft_2_FD/Annotation/Mycocosm/Annotation/Filtered_Models___best__/Genes/Aspspa1_GeneCatalog_20170326.gff3.gz
1052158,1,data/raw/AspspeStandDraft_FD/Assembly/Mycocosm/Assembly/Assembled_scaffolds__masked_/Aspspe1_1_AssemblyScaffolds_Repeatmasked.fasta.gz,data/raw/AspspeStandDraft_FD/Annotation/Mycocosm/Annotation/Filtered_Models___best__/Genes/Aspspe1_1_GeneCatalog_20160309.gff3.gz
1097590,1,data/raw/AspspiMinimDraft_FD/Assembly/Mycocosm/Assembly/Assembled_scaffolds__masked_/Aspspi1_AssemblyScaffolds_Repeatmasked.fasta.gz,data/raw/AspspiMinimDraft_FD/Annotation/Mycocosm/Annotation/Filtered_Models___best__/Genes/Aspspi1_GeneCatalog_20170320.gff3.gz
1188153,1,data/raw/AspspiMinimDraft_2_FD/Assembly/Mycocosm/Assembly/Assembled_scaffolds__masked_/Aspspir1_AssemblyScaffolds_Repeatmasked.fasta.gz,data/raw/AspspiMinimDraft_2_FD/Annotation/Mycocosm/Annotation/Filtered_Models___best__/Genes/Aspspir1_GeneCatalog_20210202.gff3.gz
1052170,1,data/raw/AspsteStandDraft_4_FD/Assembly/Mycocosm/Assembly/Assembled_scaffolds__masked_/Aspstel1_1_AssemblyScaffolds_Repeatmasked.fasta.gz,data/raw/AspsteStandDraft_4_FD/Annotation/Mycocosm/Annotation/Filtered_Models___best__/Genes/Aspstel1_1_GeneCatalog_20160404.gff3.gz
1052002,1,data/raw/AspsteStandDraft_3_FD/Assembly/Mycocosm/Assembly/Assembled_scaffolds__masked_/Aspestel1_AssemblyScaffolds_Repeatmasked.fasta.gz,data/raw/AspsteStandDraft_3_FD/Annotation/Mycocosm/Annotation/Filtered_Models___best__/Genes/Aspestel1_GeneCatalog_20210713.gff3.gz
1052164,1,data/raw/AspsteStandDraft_2_FD/Assembly/Mycocosm/Assembly/Assembled_scaffolds__masked_/Aspstec1_1_AssemblyScaffolds_Repeatmasked.fasta.gz,data/raw/AspsteStandDraft_2_FD/Annotation/Mycocosm/Annotation/Filtered_Models___best__/Genes/Aspstec1_1_GeneCatalog_20160404.gff3.gz
1052410,1,data/raw/AspsubStandDraft_2_FD/Assembly/Mycocosm/Assembly/Assembled_scaffolds__masked_/Aspsub1_AssemblyScaffolds_Repeatmasked.fasta.gz,data/raw/AspsubStandDraft_2_FD/Annotation/Mycocosm/Annotation/Filtered_Models___best__/Genes/Aspsub1_GeneCatalog_20160724.gff3.gz
1052182,1,data/raw/AspsubStandDraft_FD/Assembly/Mycocosm/Assembly/Assembled_scaffolds__masked_/Aspsublat1_AssemblyScaffolds_Repeatmasked.fasta.gz,data/raw/AspsubStandDraft_FD/Annotation/Mycocosm/Annotation/Filtered_Models___best__/Genes/Aspsublat1_GeneCatalog_20170619.gff3.gz
1188017,1,data/raw/AspsubMinimDraft_2_FD/Assembly/Mycocosm/Assembly/Assembled_scaffolds__masked_/Aspsubr1_AssemblyScaffolds_Repeatmasked.fasta.gz,data/raw/AspsubMinimDraft_2_FD/Annotation/Mycocosm/Annotation/Filtered_Models___best__/Genes/Aspsubr1_GeneCatalog_20191031.gff3.gz
1188053,1,data/raw/AspsubMinimDraft_FD/Assembly/Mycocosm/Assembly/Assembled_scaffolds__masked_/Aspesubv1_AssemblyScaffolds_Repeatmasked.fasta.gz,data/raw/AspsubMinimDraft_FD/Annotation/Mycocosm/Annotation/Filtered_Models___best__/Genes/Aspesubv1_GeneCatalog_20210706.gff3.gz
1188097,1,data/raw/AspsulMinimDraft_FD/Assembly/Mycocosm/Assembly/Assembled_scaffolds__masked_/Aspsulp1_AssemblyScaffolds_Repeatmasked.fasta.gz,data/raw/AspsulMinimDraft_FD/Annotation/Mycocosm/Annotation/Filtered_Models___best__/Genes/Aspsulp1_GeneCatalog_20210523.gff3.gz
1051906,1,data/raw/AsptaiStandDraft_FD/Assembly/Mycocosm/Assembly/Assembled_scaffolds__masked_/Asptaic1_AssemblyScaffolds_Repeatmasked.fasta.gz,data/raw/AsptaiStandDraft_FD/Annotation/Mycocosm/Annotation/Filtered_Models___best__/Genes/Asptaic1_GeneCatalog_20160414.gff3.gz
1052326,1,data/raw/AsptamStandDraft_FD/Assembly/Mycocosm/Assembly/Assembled_scaffolds__masked_/Asptam1_AssemblyScaffolds_Repeatmasked.fasta.gz,data/raw/AsptamStandDraft_FD/Annotation/Mycocosm/Annotation/Filtered_Models___best__/Genes/Asptam1_GeneCatalog_20160914.gff3.gz
1097618,1,data/raw/AsptanMinimDraft_FD/Assembly/Mycocosm/Assembly/Assembled_scaffolds__masked_/Asptan1_AssemblyScaffolds_Repeatmasked.fasta.gz,data/raw/AsptanMinimDraft_FD/Annotation/Mycocosm/Annotation/Filtered_Models___best__/Genes/Asptan1_GeneCatalog_20170613.gff3.gz
1187985,1,data/raw/AsptemMinimDraft_FD/Assembly/Mycocosm/Assembly/Assembled_scaffolds__masked_/Asptem1_AssemblyScaffolds_Repeatmasked.fasta.gz,data/raw/AsptemMinimDraft_FD/Annotation/Mycocosm/Annotation/Filtered_Models___best__/Genes/Asptem1_GeneCatalog_20191030.gff3.gz
1188057,1,data/raw/AsptenMinimDraft_FD/Assembly/Mycocosm/Assembly/Assembled_scaffolds__masked_/Aspten1_AssemblyScaffolds_Repeatmasked.fasta.gz,data/raw/AsptenMinimDraft_FD/Annotation/Mycocosm/Annotation/Filtered_Models___best__/Genes/Aspten1_GeneCatalog_20190829.gff3.gz
1052140,1,data/raw/AsptetStandDraft_FD/Assembly/Mycocosm/Assembly/Assembled_scaffolds__masked_/Asptetr1_AssemblyScaffolds_Repeatmasked.fasta.gz,data/raw/AsptetStandDraft_FD/Annotation/Mycocosm/Annotation/Filtered_Models___best__/Genes/Asptetr1_GeneCatalog_20160413.gff3.gz
1051996,1,data/raw/AsptheStandDraft_FD/Assembly/Mycocosm/Assembly/Assembled_scaffolds__masked_/Aspthe1_AssemblyScaffolds_Repeatmasked.fasta.gz,data/raw/AsptheStandDraft_FD/Annotation/Mycocosm/Annotation/Filtered_Models___best__/Genes/Aspthe1_GeneCatalog_20160910.gff3.gz
1187869,1,data/raw/AsptheMinimDraft_FD/Assembly/Mycocosm/Assembly/Assembled_scaffolds__masked_/Aspth1_AssemblyScaffolds_Repeatmasked.fasta.gz,data/raw/AsptheMinimDraft_FD/Annotation/Mycocosm/Annotation/Filtered_Models___best__/Genes/Aspth1_GeneCatalog_20190828.gff3.gz
1187901,1,data/raw/AsptraMinimDraft_FD/Assembly/Mycocosm/Assembly/Assembled_scaffolds__masked_/Asptran1_AssemblyScaffolds_Repeatmasked.fasta.gz,data/raw/AsptraMinimDraft_FD/Annotation/Mycocosm/Annotation/Filtered_Models___best__/Genes/Asptran1_GeneCatalog_20190828.gff3.gz
1052332,1,data/raw/AsptraStandDraft_FD/Assembly/Mycocosm/Assembly/Assembled_scaffolds__masked_/Asptra1_AssemblyScaffolds_Repeatmasked.fasta.gz,data/raw/AsptraStandDraft_FD/Annotation/Mycocosm/Annotation/Filtered_Models___best__/Genes/Asptra1_GeneCatalog_20160915.gff3.gz
1052428,1,data/raw/AsptriStandDraft_FD/Assembly/Mycocosm/Assembly/Assembled_scaffolds__masked_/Asptr1_AssemblyScaffolds_Repeatmasked.fasta.gz,data/raw/AsptriStandDraft_FD/Annotation/Mycocosm/Annotation/Filtered_Models___best__/Genes/Asptr1_GeneCatalog_20160629.gff3.gz
1188121,1,data/raw/AsptsuMinimDraft_FD/Assembly/Mycocosm/Assembly/Assembled_scaffolds__masked_/Asptsu1_AssemblyScaffolds_Repeatmasked.fasta.gz,data/raw/AsptsuMinimDraft_FD/Annotation/Mycocosm/Annotation/Filtered_Models___best__/Genes/Asptsu1_GeneCatalog_20191031.gff3.gz
1097598,1,data/raw/AspturMinimDraft_2_FD/Assembly/Mycocosm/Assembly/Assembled_scaffolds__masked_/Asptur1_AssemblyScaffolds_Repeatmasked.fasta.gz,data/raw/AspturMinimDraft_2_FD/Annotation/Mycocosm/Annotation/Filtered_Models___best__/Genes/Asptur1_GeneCatalog_20170613.gff3.gz
1187877,1,data/raw/AspudaMinimDraft_FD/Assembly/Mycocosm/Assembly/Assembled_scaffolds__masked_/Aspudag1_AssemblyScaffolds_Repeatmasked.fasta.gz,data/raw/AspudaMinimDraft_FD/Annotation/Mycocosm/Annotation/Filtered_Models___best__/Genes/Aspudag1_GeneCatalog_20210202.gff3.gz
1188137,1,data/raw/AspumbMinimDraft_FD/Assembly/Mycocosm/Assembly/Assembled_scaffolds__masked_/Aspumb1_AssemblyScaffolds_Repeatmasked.fasta.gz,data/raw/AspumbMinimDraft_FD/Annotation/Mycocosm/Annotation/Filtered_Models___best__/Genes/Aspumb1_GeneCatalog_20210708.gff3.gz
1052188,1,data/raw/AspundStandDraft_FD/Assembly/Mycocosm/Assembly/Assembled_scaffolds__masked_/Aspund1_1_AssemblyScaffolds_Repeatmasked.fasta.gz,data/raw/AspundStandDraft_FD/Annotation/Mycocosm/Annotation/Filtered_Models___best__/Genes/Aspund1_1_GeneCatalog_20160404.gff3.gz
1097510,1,data/raw/AspvarMinimDraft_FD/Assembly/Mycocosm/Assembly/Assembled_scaffolds__masked_/Aspvar1_AssemblyScaffolds_Repeatmasked.fasta.gz,data/raw/AspvarMinimDraft_FD/Annotation/Mycocosm/Annotation/Filtered_Models___best__/Genes/Aspvar1_GeneCatalog_20170320.gff3.gz
1187881,1,data/raw/AspvirMinimDraft_FD/Assembly/Mycocosm/Assembly/Assembled_scaffolds__masked_/Aspvir1_AssemblyScaffolds_Repeatmasked.fasta.gz,data/raw/AspvirMinimDraft_FD/Annotation/Mycocosm/Annotation/Filtered_Models___best__/Genes/Aspvir1_GeneCatalog_20190828.gff3.gz
1188125,1,data/raw/AspwakMinimDraft_FD/Assembly/Mycocosm/Assembly/Assembled_scaffolds__masked_/Aspwak1_AssemblyScaffolds_Repeatmasked.fasta.gz,data/raw/AspwakMinimDraft_FD/Annotation/Mycocosm/Annotation/Filtered_Models___best__/Genes/Aspwak1_GeneCatalog_20191031.gff3.gz
1060057,1,data/raw/AspwelStandDraft_FD/Assembly/Mycocosm/Assembly/Assembled_scaffolds__masked_/Aspwel1_AssemblyScaffolds_Repeatmasked.fasta.gz,data/raw/AspwelStandDraft_FD/Annotation/Mycocosm/Annotation/Filtered_Models___best__/Genes/Aspwel1_GeneCatalog_20160629.gff3.gz
1188021,1,data/raw/AspwesMinimDraft_2_FD/Assembly/Mycocosm/Assembly/Assembled_scaffolds__masked_/Aspwest1_AssemblyScaffolds_Repeatmasked.fasta.gz,data/raw/AspwesMinimDraft_2_FD/Annotation/Mycocosm/Annotation/Filtered_Models___best__/Genes/Aspwest1_GeneCatalog_20190828.gff3.gz
1097346,1,data/raw/AspwesMinimDraft_FD/Assembly/Mycocosm/Assembly/Assembled_scaffolds__masked_/Aspwes1_AssemblyScaffolds_Repeatmasked.fasta.gz,data/raw/AspwesMinimDraft_FD/Annotation/Mycocosm/Annotation/Filtered_Models___best__/Genes/Aspwes1_GeneCatalog_20170502.gff3.gz
1187961,1,data/raw/AspxerMinimDraft_FD/Assembly/Mycocosm/Assembly/Assembled_scaffolds__masked_/Aspxer1_AssemblyScaffolds_Repeatmasked.fasta.gz,data/raw/AspxerMinimDraft_FD/Annotation/Mycocosm/Annotation/Filtered_Models___best__/Genes/Aspxer1_GeneCatalog_20210405.gff3.gz
1188177,1,data/raw/AspneoMinimDraft_10_FD/Assembly/Mycocosm/Assembly/Assembled_scaffolds__masked_/Penanta1_AssemblyScaffolds_Repeatmasked.fasta.gz,data/raw/AspneoMinimDraft_10_FD/Annotation/Mycocosm/Annotation/Filtered_Models___best__/Genes/Penanta1_GeneCatalog_20210412.gff3.gz
1187965,1,data/raw/AspmalMinimDraft_2_FD/Assembly/Mycocosm/Assembly/Assembled_scaffolds__masked_/Penmal1_AssemblyScaffolds_Repeatmasked.fasta.gz,data/raw/AspmalMinimDraft_2_FD/Annotation/Mycocosm/Annotation/Filtered_Models___best__/Genes/Penmal1_GeneCatalog_20210401.gff3.gz
1097418,1,data/raw/AspcavMinimDraft_FD/Assembly/Mycocosm/Assembly/Assembled_scaffolds__masked_/Pensoli1_AssemblyScaffolds_Repeatmasked.fasta.gz,data/raw/AspcavMinimDraft_FD/Annotation/Mycocosm/Annotation/Filtered_Models___best__/Genes/Pensoli1_GeneCatalog_20171003.gff3.gz
1187937,1,data/raw/AspcriMinimDraft_FD/Assembly/Mycocosm/Assembly/Assembled_scaffolds__masked_/Aspcris1_AssemblyScaffolds_Repeatmasked.fasta.gz,data/raw/AspcriMinimDraft_FD/Annotation/Mycocosm/Annotation/Filtered_Models___best__/Genes/Aspcris1_GeneCatalog_20190828.gff3.gz
